rider_1,rider_2,coattendance_count,tie_strength
R002750,R003259,3,0.995781502897027
R008107,R009739,3,1.176616971047286
R001913,R007095,3,0.9594275358468314
R002195,R004789,3,2.4279266812890623
R001500,R009159,4,1.5948695406080509
R006822,R008051,3,0.982992909666716
R003831,R006081,3,1.092602533572925
R002818,R006292,4,1.232317213092192
R000471,R007347,3,2.0452018852553318
R002056,R004803,4,2.0487199033228394
R003166,R003255,3,0.6143323684545411
R001533,R003653,5,2.3220314185880127
R002582,R003611,4,2.177632595461904
R001069,R003991,3,1.8823632063293254
R006503,R006817,3,1.5733369366378593
R000064,R004252,3,0.31013108656507143
R000924,R007193,3,1.4558397540569268
R001533,R002750,5,1.4075923268703723
R002748,R004386,3,1.3150867508516497
R001588,R008897,3,0.9073177197074238
R002337,R003480,4,2.935887156565103
R006477,R006817,3,0.7128980711626064
R003480,R005627,3,1.2061526848000501
R000384,R004196,3,1.0789885400832224
R000914,R002065,3,0.5647802891088334
R004942,R006501,3,0.6173292010210797
R003584,R003611,6,2.176200643974038
R000703,R002077,3,1.7078971191774748
R002488,R009883,5,1.40501288047473
R004614,R006071,3,0.8905562087775816
R002154,R009901,4,1.7526092508643714
R006081,R009250,3,0.8771383577822639
R001533,R004005,3,0.8048463047356444
R000402,R004471,3,0.5780133274602375
R004875,R009889,3,0.6736959095454589
R000471,R007434,4,0.6501587755009616
R006508,R007434,5,1.6341488720416875
R000778,R004134,4,1.4976716378403447
R003380,R004598,3,0.4868964405045297
R001069,R005425,3,0.27433753814719114
R004163,R004532,3,1.0089808501941966
R004313,R008079,3,1.3587921909773457
R004184,R004812,3,1.0182753153651083
R003123,R008388,3,1.6156853900920638
R000843,R005267,3,1.9072228616469202
R004768,R009656,3,0.9663680609521796
R003115,R006671,3,1.3245003331432195
R001317,R002232,3,2.032593559276765
R006058,R007942,4,1.1629647360987339
R006909,R009334,3,1.0069758463105956
R001913,R005610,3,0.647905511093419
R003166,R009923,3,2.0648503397424545
R001634,R003531,4,1.4867688203200198
R002471,R008107,3,0.6319178113073776
R006383,R008588,3,1.0580778680617142
R000828,R007662,4,1.4537131500210518
R000813,R005776,3,1.046470692600011
R008465,R009847,3,0.5207512229153611
R005124,R005878,5,1.1602797063779717
R002748,R005131,4,1.3860127552833026
R001913,R005988,4,0.8125834727605226
R003844,R008540,3,0.45397844597395803
R004458,R006703,3,0.8796424349254797
R003718,R008839,4,0.5256618009552604
R000261,R007662,3,1.3965144923192208
R001132,R008997,4,0.7605258084513897
R001588,R008549,4,1.831878182461803
R002044,R006817,3,0.7022649854432964
R000076,R006947,3,0.5619055336474977
R000574,R009995,4,2.105318659992235
R003004,R006117,3,0.9762291119527632
R000064,R004295,4,1.2495532332787775
R004907,R008417,3,0.5680279228388176
R000471,R000668,3,1.0070871876398164
R006157,R007384,3,1.1842130760685883
R003157,R008603,4,1.7818331750423404
R005514,R009349,4,1.0721506185064913
R003255,R009923,3,0.7311506823299132
R003255,R009432,3,1.778186972917969
R002056,R005827,4,1.2387015981088436
R000668,R006703,5,2.45028123742771
R003399,R004037,5,2.751973631967517
R004590,R007099,3,0.45819310572534255
R003603,R007741,3,0.8389227173965633
R002056,R008820,3,1.5214701712618235
R000223,R007724,3,0.5679084958503684
R002851,R003594,3,0.5984541300925321
R003611,R006662,33,14.53978096526209
R006947,R008296,3,0.6366229340001299
R003844,R006299,3,1.2375433637478974
R007379,R008051,3,1.4464538946260388
R006503,R008562,24,11.569540281460348
R001055,R004471,3,0.5456140079202602
R004875,R006091,4,0.7999750318680037
R005986,R006091,15,8.895631312175734
R003480,R009495,3,0.9064572364115974
R001500,R003102,4,1.477765407657842
R000703,R003568,3,1.5198745938393263
R001809,R004875,3,1.8302560088919886
R006699,R006863,3,1.1620997223416476
R000238,R003166,3,0.4239758192378869
R005184,R008717,3,0.769417910186605
R000855,R004424,3,1.147494439156819
R003255,R005548,3,0.38434179355047526
R004037,R009842,3,0.6900971380048404
R004471,R007942,7,3.3675855159771886
R004605,R006909,21,12.232755103819837
R000803,R008388,3,1.8340299286763087
R003661,R007162,3,1.2250207862099067
R003255,R004815,4,1.2394733706148622
R006909,R007551,3,0.45955499498938746
R006947,R009404,5,2.117472841503768
R002750,R005330,3,0.9672324639022253
R004051,R007468,3,0.9028069964334672
R001140,R007193,3,1.1827507979796579
R005701,R006959,3,0.8437071703955193
R003930,R005986,10,5.605171178992399
R000541,R001069,4,1.5582684969263276
R005341,R009923,4,1.0135504139783111
R003380,R005878,5,2.4861769979736326
R001059,R009490,3,1.5305658283794843
R003839,R007809,3,0.8296727324409631
R000301,R005492,13,8.009697813542894
R000574,R004245,4,1.6456805704247754
R003110,R003978,4,1.067262741976337
R002769,R007666,4,1.5049825945101076
R001475,R004815,4,1.612849211820884
R006091,R009768,5,1.0841755496642218
R003166,R005510,23,10.516171087577312
R005425,R006959,4,0.8682231408482642
R000471,R006133,4,0.420392855605788
R002415,R003380,3,0.4194458152553005
R002915,R008388,4,1.2007646385854012
R003844,R008408,3,0.972661451474184
R000061,R004912,3,1.161498076804147
R008291,R008303,3,1.3640755730756202
R000662,R000778,3,1.043672671094045
R000931,R008226,3,0.6868641933802797
R004458,R008015,3,0.6327507941194312
R003380,R005124,4,1.4060021199969408
R003166,R004409,3,1.201823854448734
R001634,R003611,5,1.7218967546791493
R006583,R008029,3,1.2478418946901695
R002415,R005878,5,1.0569158053176209
R000432,R004038,3,1.6848225451929368
R000828,R005361,3,1.0267271795557689
R005160,R006909,15,5.711388769781001
R001215,R004107,3,1.6765793070646864
R003611,R004148,5,0.8109962357597724
R002583,R008551,3,1.4126481750249624
R006268,R007942,3,1.3130670056848865
R006909,R009397,3,0.729855222320103
R003326,R004614,3,2.1259355409925655
R000573,R008695,3,0.7521914683303353
R004875,R008083,3,0.792190544440427
R001069,R004621,3,0.31321000388650355
R000668,R008015,3,0.8096435882325206
R002415,R005124,3,1.2128559684882023
R001553,R007384,3,1.5578103274172421
R003207,R006947,3,1.508695432149067
R001634,R006662,4,0.577878046824955
R002488,R006947,4,1.9367284086955199
R003611,R005350,4,0.5624348044353445
R006172,R009830,4,1.4756105789026257
R000851,R006921,3,0.8699690353901213
R000813,R004590,5,2.0231108308901864
R004525,R007942,4,1.196442227259355
R006817,R009855,3,1.055418114190861
R008465,R009739,4,1.8296348534236215
R004386,R006951,4,1.8718571677844675
R000061,R007586,3,0.7055970728187978
R001069,R006959,27,14.100554303483051
R004386,R008286,3,0.8927590331551577
R004833,R008997,3,1.2308849648664082
R005791,R006959,3,0.33133222962184977
R004178,R005009,3,2.2273895731218336
R000471,R006703,3,0.3532114694993256
R002769,R004833,3,0.9532531525427111
R001533,R008030,3,0.9169636623399
R000346,R006703,4,1.1342179225030034
R000573,R004685,3,1.2550936972619355
R000668,R009366,3,1.9584804228818136
R005986,R009673,3,1.2211551257551787
R007193,R008215,3,1.038220655363387
R001533,R004458,3,1.0718687530159035
R003326,R006900,3,1.167375764455247
R003594,R004339,3,1.1368106815444519
R005452,R008465,3,1.913764521031517
R000924,R001811,3,1.020217558443728
R002895,R003380,5,2.140658328494618
R002154,R009250,3,1.1004573193821265
R002582,R008226,3,0.7666280014486533
R006508,R009604,3,0.5209965940927997
R004253,R004912,3,0.40570155602490127
R003568,R005319,3,1.890919701442937
R002996,R007662,3,0.8125223904453681
R000574,R007095,3,0.6844792968911804
R004196,R006699,3,1.2693650013716153
R000002,R007741,9,5.235910158643381
R004884,R006959,3,1.257362503015904
R000724,R009803,4,2.7863770910674583
R006959,R009785,3,0.8770854003424217
R002748,R003504,4,1.756750081990909
R008131,R009260,3,1.402413342649265
R001069,R002915,4,1.495066303733367
R003042,R008549,3,1.1033950050659627
R003102,R008107,3,1.2101123500435589
R000828,R006909,3,0.9087877615314932
R003855,R009376,3,1.4324088682148874
R002800,R005124,3,1.492028337064771
R006503,R008316,3,0.7362233171026188
R003584,R008226,3,0.721868407818642
R003255,R005810,3,0.27007465863047575
R000843,R006507,3,1.0491882682865632
R002725,R007384,3,0.47829650329465023
R006477,R008316,3,1.5159578141755143
R004388,R009828,3,1.4850224099981397
R006947,R008698,32,15.456766205245518
R006808,R006959,3,0.9424360296961559
R000668,R000778,3,0.999497094954741
R000370,R008051,5,1.9483580609468754
R000079,R008226,3,0.8966544697303732
R001612,R006091,3,0.5328035950356261
R000064,R009433,3,0.6654161742187004
R003764,R007586,3,1.0282436320705928
R000579,R007942,3,2.0119801284767567
R002065,R002329,3,1.1819815764850279
R001059,R003399,5,1.7805032991539405
R004313,R008083,3,1.1916818891813523
R000471,R008053,3,0.7460529417619096
R004184,R004295,3,1.2115338358519736
R000079,R003351,3,1.5245271609649673
R001312,R007379,3,1.3162884955036982
R006921,R009193,3,0.4865004951685827
R003982,R004458,3,1.7150645522373633
R002748,R005887,3,0.9952344343248146
R000668,R009626,3,1.3632783769045598
R002750,R009901,9,5.298632398791073
R001069,R009095,3,1.2545642087720705
R000668,R006508,6,2.820860959068156
R004126,R008645,3,0.9162453967060327
R000316,R002503,4,1.1065089503977557
R001947,R008562,3,0.9233035345076462
R000574,R006951,4,0.9060850917515666
R001059,R004037,3,0.5923761586370139
R003380,R008551,5,2.6577571424778035
R000668,R000944,3,0.32620076044719515
R002056,R007544,3,1.4805684596443307
R001588,R008261,3,0.6931321109573457
R002585,R003644,3,1.3487793607466154
R004647,R006376,4,1.796573357756995
R006863,R007279,4,1.369845033249184
R008549,R008691,3,0.7828343624797292
R002582,R009852,3,1.3489397560498846
R001844,R005425,3,1.4783521236832413
R002750,R003653,3,0.8324873129957222
R000444,R001160,4,2.000555390720955
R001069,R009336,3,0.8782355086854304
R003611,R008226,15,8.242962895850802
R000119,R009404,3,0.8938688939035287
R003611,R007835,3,0.9187148104984528
R000867,R004295,21,9.758726137623048
R002503,R009794,3,0.8432890396854288
R004386,R007261,3,1.591222079056357
R004458,R006518,3,0.9612572221600109
R002154,R002750,3,0.8357327686953244
R003380,R005366,11,5.608162264579407
R001533,R005939,3,1.4528097788867704
R006830,R007415,3,0.3807752189152235
R004424,R007780,3,1.2211752126413282
R000527,R002415,13,7.12761862463919
R003480,R006507,7,3.446892211326565
R000724,R008529,3,0.36078181553695626
R001533,R006394,3,0.2824021071185294
R002044,R008316,3,1.702313743058467
R001417,R004386,3,0.6694105341767513
R001913,R005200,3,1.020364177909002
R001533,R005539,3,1.4431235643740794
R001588,R006292,3,1.0838695754250498
R002832,R006863,3,1.120652010213305
R001634,R006311,3,0.3315091840487839
R001913,R004386,5,1.9267831096397425
R004833,R005928,3,1.3381376407434786
R006704,R006909,3,0.8631436047783017
R005822,R006909,3,0.345809218459653
R008107,R009586,3,0.7492114197948786
R004295,R004712,3,0.7075756686666976
R001284,R009384,4,1.48237765393493
R006959,R008470,3,0.8123834729611594
R000527,R003380,3,0.729855222320103
R000527,R000968,3,0.623379649993229
R006909,R007662,3,1.6691483321064733
R005810,R008717,3,0.8910237333000637
R002232,R006002,4,1.9435407382159395
R004590,R006268,3,1.3037307158418683
R000172,R001105,3,0.6036090161390475
R001059,R006845,5,1.9759724304341564
R006172,R009431,3,1.5363582025114646
R001417,R009995,4,1.7744941456288672
R000574,R007896,3,0.9376853029999516
R004308,R005701,4,1.6600749803142218
R000778,R008529,3,1.2967809394989016
R002256,R006909,3,1.5632344129239601
R000061,R004253,3,0.7052538054668643
R003380,R008541,3,0.7639414733381419
R007702,R009901,3,0.47877008713947433
R003255,R003618,4,1.3924463437208991
R002354,R007178,6,2.6473981341416297
R004314,R006817,3,1.1481055352207488
R005884,R009103,3,1.9309638813129268
R005009,R009384,3,0.48092551261424765
R003603,R006570,4,2.39425511147268
R006662,R008226,3,0.4011484296278766
R000444,R008399,3,0.6198949345257023
R006947,R007895,4,1.2041949462075119
R001069,R003004,3,0.5084833449905463
R004789,R009490,3,1.4376149203658204
R001337,R009842,4,0.7882594274115323
R001246,R006292,3,1.0695959295557689
R000813,R001160,3,0.40551670882377105
R000402,R007942,3,0.40755447099253367
R004913,R009901,3,0.8000401026439454
R003004,R008388,3,1.6547026514507512
R000574,R007176,3,1.0706921009606447
R000223,R007347,3,0.7518577168303812
R003166,R007453,3,0.3301220396430838
R003658,R008698,3,1.1481055352207488
R000893,R005610,3,1.7586223165443944
R004148,R008226,5,0.6576923753908178
R006021,R008226,4,1.1514200080400128
R004590,R006058,8,4.077526850764077
R005359,R006909,12,5.256880267279403
R004245,R004386,3,0.6117132735699475
R002832,R004196,3,0.7855148711833574
R005350,R008226,3,1.513864184208197
R000668,R007947,3,0.40123122837073066
R002769,R004295,5,1.0517495880035772
R000778,R004107,3,1.0557463286745483
R003480,R007415,4,0.7761951839155048
R000002,R005915,3,0.7376793882006734
R003038,R006909,5,1.452179651683202
R002518,R004590,3,1.1795045522586678
R006921,R007303,3,0.40294736947171944
R005644,R007347,3,1.313963629186704
R002748,R005008,3,0.9192486472075199
R002929,R007345,3,2.061155518951699
R001634,R008268,3,0.9093383969512321
R001417,R004245,3,1.2655666767438152
R007345,R007379,4,1.8127181270289314
R008465,R008695,3,1.3684292863200838
R004295,R007468,3,0.9192163339701946
R006091,R008802,3,1.1026262624910916
R006503,R008264,3,1.1226645739818386
R001069,R003644,4,1.4723968861919199
R001612,R001985,4,2.2351585154923184
R006893,R008016,3,0.44410811529368094
R001588,R002354,3,0.96994257824587
R007434,R009604,3,1.1524945729567435
R001533,R006081,23,13.2771909586056
R001069,R005701,3,0.9255177639124004
R006477,R006503,8,3.6355365061535494
R002675,R002725,4,1.6350230713723497
R006671,R008131,3,1.7134915108819762
R009698,R009830,3,1.2974636176344891
R003809,R006909,3,1.1025733050512496
R005986,R007816,3,1.4762796307350203
R000573,R005089,3,0.7103190153971031
R006392,R008264,4,0.9887069592318662
R006662,R009852,3,0.3127252326336917
R001690,R008839,3,1.149998753606291
R004525,R004590,4,0.8405922563568236
R004313,R006091,4,1.410090234767751
R009404,R009470,3,1.7150645522373633
R003792,R009830,3,1.3914292813258646
R006392,R006503,3,0.9798758539363509
R001588,R007867,3,1.1504185102627071
R006383,R008616,3,0.8699690353901213
R000638,R004386,3,1.03430747089981
R007178,R008549,5,3.0369964597333974
R006933,R008029,4,1.4193157657680187
R002048,R004386,4,1.6003219207420085
R005810,R009923,3,0.8717263672189313
R001132,R004833,3,1.5913878935174344
R003480,R003718,3,0.640349924574668
R006021,R009852,3,0.6248776492543848
R004148,R009852,3,0.4281990077092716
R002160,R006909,5,1.2662292927806202
R000277,R000778,21,10.581442476018712
R000703,R006662,23,10.633673549641243
R006261,R008388,4,1.4712701091676688
R000574,R002547,3,0.4220399613239205
R000867,R002769,5,1.4073873089679816
R005350,R009852,3,0.600295578012659
R000813,R008131,4,1.289652519387463
R004335,R005986,3,1.1184862831200608
R004335,R008079,5,2.9205897347292864
R002224,R003611,3,1.6932041774050914
R000828,R002160,3,1.0003401622531494
R002354,R008549,3,0.7563704425438251
R009830,R009995,3,1.716775319960185
R000837,R002056,4,1.2089826256733192
R005986,R008079,5,1.7808501052017063
R004386,R005610,4,1.5579992482710179
R008695,R008839,5,1.248907248054008
R001160,R006058,15,8.729021684082722
R002056,R008659,3,0.4848965813249621
R000867,R001132,3,0.8901719133884305
R001184,R008551,3,1.4071115874698559
R003978,R005763,3,1.3019761218586818
R000813,R007942,4,2.1694618906030305
R003661,R009889,3,1.19483387372238
R001059,R002195,4,1.421759472002269
R002154,R006081,3,1.1122769669831711
R005610,R009830,3,1.5186867770530579
R000402,R002529,3,0.8841734688472865
R003568,R003611,4,1.994308378009699
R000940,R004196,3,0.645640536746913
R004494,R007741,3,1.0435710159589817
R000886,R008124,3,1.7022631736675462
R000668,R008608,3,0.3568107388017878
R001160,R006204,3,0.3903180825830491
R004076,R008540,3,1.5979058834399922
R001588,R009445,3,1.1391850889179431
R001642,R004196,4,1.2320717194464652
R000102,R008388,4,1.5268649945413393
R007656,R008131,3,1.5894906929905377
R003255,R008717,3,0.7070498948702006
R000277,R009928,11,4.6674388383868175
R001059,R003603,3,1.2408793719661577
R004852,R006503,3,1.6640019775317918
R008296,R009470,3,0.6374610518422648
R005939,R006081,3,1.4332745500074038
R005319,R008226,3,1.0892124452760934
R000828,R001255,4,1.523181291486891
R000064,R004184,3,1.0338543017838204
R006292,R009134,3,0.5513640766227226
R007347,R007434,4,2.2579340567922275
R003718,R009189,3,1.213788110844159
R000867,R008997,3,0.45358887267324843
R003653,R005330,3,1.2912822460367237
R003531,R007762,3,1.2053645864214193
R006933,R008408,3,0.7652672559748314
R002056,R004178,3,0.993527126122092
R000742,R007741,4,2.0722232103720017
R005514,R007178,4,1.493939344227756
R008021,R009367,3,1.0898212245702827
R008695,R009739,4,1.6695606538984902
R005617,R006503,3,1.0978051969742095
R000828,R004605,3,1.3234418162553325
R001533,R002154,4,0.5094032216599411
R004111,R007347,3,0.2924384431359653
R001160,R004590,5,1.811131811501461
R004314,R006503,3,0.4561646539699823
R002056,R005009,3,1.3192956098317838
R005366,R005878,4,1.1602986315943247
R000724,R004134,31,13.138498378877465
R000778,R002806,3,1.527540314321879
R004295,R004959,3,1.9536513178223895
R006909,R008092,3,1.2036233042383557
R005407,R008549,4,2.02015828265543
R000261,R004605,3,1.3454063499041784
R001533,R007080,3,1.1226645739818386
R007347,R008015,3,1.7466997133803315
R000703,R005350,18,8.933965892601366
R002675,R008072,3,0.5582577350386488
R004038,R007292,3,0.5976852630365678
R003235,R008551,5,1.7483304755182678
R002929,R004789,3,2.120995255958218
R002389,R004196,3,0.7202987940478583
R001913,R006888,3,1.3283887121754727
R006058,R007615,3,0.8168412570231353
R002488,R007384,3,1.0527849936514184
R006383,R009150,3,1.2499371476852545
R001773,R007178,3,1.1218030272294133
R006292,R007867,3,1.2817243824092799
R000668,R001360,3,0.8796939040957021
R002065,R002748,5,2.6482697334840752
R000778,R004284,3,1.4267535974606063
R004386,R006464,4,1.3302817465656132
R000668,R003259,3,0.5063883917385846
R007033,R009785,3,1.4711388252168685
R001634,R003174,3,0.6703172191778579
R003012,R005988,3,1.294650103757624
R001642,R005409,3,0.3057911349476724
R003890,R006131,3,0.7025271721974478
R002818,R005514,4,1.8760213887616997
R001149,R006299,3,1.4966324917842802
R003235,R005366,5,0.7523537198713183
R004037,R008588,3,0.7655605481196207
R003611,R005775,5,0.9792908755653804
R000277,R000724,3,0.6298464055082023
R001371,R003102,3,1.194358498186553
R006125,R007586,3,1.622006016874284
R001913,R009995,3,0.6920523255348423
R000100,R008055,4,2.2683127046644893
R006081,R009901,3,0.3844479819458947
R001634,R005742,3,0.8321589196826105
R002056,R005531,3,1.006006764930792
R002769,R008997,4,1.2618971214315113
R002337,R003102,3,0.3229309432192089
R000574,R006749,3,1.3605271999774602
R001938,R009366,3,1.1286075694221152
R006817,R009418,4,1.5269080066496659
R003255,R009629,3,1.8007259127767128
R003855,R006921,4,1.5616321660369032
R001896,R003611,4,1.5654413888722647
R003380,R007632,3,1.184860129751999
R008079,R008083,3,1.6305928514425925
R003399,R004614,3,1.1142867580976306
R000662,R002178,3,1.2654603514528342
R004134,R007770,3,0.2864518426594089
R002748,R007808,3,1.0651874251665951
R001634,R003568,3,1.0646959423610223
R003611,R008431,3,1.0517720098316785
R000347,R008131,3,1.1388676883516498
R001069,R008388,4,0.6878379636969294
R000968,R005366,15,7.247433981572046
R004409,R009450,3,1.086816423674263
R004335,R006091,3,0.7091819795877848
R003611,R005377,3,0.5068143817215918
R000886,R008997,3,1.097010085979666
R001612,R005986,5,1.4047598987918886
R006947,R007384,3,2.3225178767383783
R009159,R009189,3,0.5003775536835264
R006081,R009853,3,0.9867658823020296
R002262,R003611,8,4.761652626000166
R000574,R008017,4,1.6457530646509664
R000662,R000668,3,0.7444718955310538
R000100,R003399,3,1.2237707421664263
R001634,R008226,3,0.937032562893858
R006933,R007193,3,0.6243583977573628
R001069,R005791,3,1.1537581755790611
R002769,R004290,3,0.7650707418394547
R005514,R008549,4,1.3242936548863162
R001761,R003380,4,1.6291392993131015
R004163,R005612,3,0.6815218835771886
R002856,R005716,3,0.666555000770753
R001317,R007741,4,0.8329858059361765
R006058,R006821,4,1.8159068076844866
R003568,R007853,3,1.2775665501199378
R000778,R006703,5,1.5625471945956437
R003399,R004246,3,0.48675707931386974
R000886,R004295,30,13.748937821037707
R006477,R007789,3,0.6108662114002088
R003607,R006909,3,0.7083311551387901
R006801,R008115,3,1.5792590100445008
R001913,R002748,4,0.8872144894488728
R001642,R007744,3,0.8213789438578396
R000011,R006058,3,0.859832902129616
R002505,R005510,4,1.5411997747731172
R000778,R004458,5,2.67635349320717
R004115,R005492,3,0.6583280661592077
R001798,R008388,14,8.053948721865366
R000222,R004295,4,1.0354148471155635
R002488,R004106,5,1.637770177756068
R006808,R008388,4,1.5394533248769544
R002177,R006909,3,1.249407251030845
R004163,R004386,3,1.8946760319657419
R002297,R007722,3,0.513013833826465
R000968,R003380,8,3.8643104168489817
R003174,R008226,3,1.1490820326168696
R002518,R007942,4,0.5314595260368229
R007895,R009883,3,0.995781502897027
R001417,R009431,3,0.9290003917498297
R000931,R003611,3,0.9955871992642764
R003380,R006614,3,1.323102839534388
R008549,R009349,3,1.1371280855117183
R003568,R007455,4,1.0863376521656218
R004598,R005878,4,1.1181813382111452
R002748,R009679,3,0.48650807502743476
R002503,R002748,3,1.3759237990225244
R001683,R008856,3,1.4386411883908123
R002509,R005986,4,1.649604045975366
R004605,R007662,4,0.96115610435924
R003474,R007942,3,0.6986888823758025
R004252,R007385,3,1.4819321825218077
R003991,R006959,4,0.7033975122275641
R005986,R008083,4,1.8475884131077094
R002996,R004605,3,0.4080107260121551
R006091,R008079,34,15.486874950847078
R002832,R005409,3,0.7538400031926745
R001553,R005674,3,0.7712370289637408
R000968,R005124,3,0.6593832223610397
R003809,R004605,3,0.35405099133685913
R002279,R004172,3,1.597945106219397
R000574,R001913,3,0.9567252778418582
R002769,R004230,8,3.595288779201301
R007347,R008030,3,1.250469447220586
R004875,R005986,6,3.143157945390588
R001588,R002818,3,1.0532801756058192
R002354,R006292,3,0.8728680889688825
R003399,R007070,3,0.885218769685335
R003399,R009490,3,1.1472857597324397
R007178,R008590,3,0.8753731768668976
R001069,R009103,3,0.8534310049528103
R006021,R007762,3,1.5851543478847765
R000261,R002160,3,1.7056025501425651
R004590,R007942,3,0.863444563252277
R000931,R006662,3,0.6586943381438929
R003380,R006782,4,1.204779750480712
R000277,R007770,3,1.080764496496941
R000703,R009852,4,1.3954894450670334
R005982,R005992,3,0.49090525816554964
R000002,R000142,3,1.2205364682808268
R003855,R004386,3,0.7514108533163585
R001642,R007279,3,1.1536374803137275
R006959,R009103,4,1.3090376907923853
R001533,R009901,3,1.5186388252168685
R001913,R005324,3,0.35297151360325596
R004840,R006383,3,1.4705105892679922
R001533,R003290,4,1.5029229413238347
R004941,R007347,3,0.45093095623381985
